molregno,who_name
378315,atovaquone
6579,chloroquine
429737,hydroxychloroquine
10389,primaquine
29097,amodiaquine
72505,tafenoquine
320522,proguanil
2197696,"cycloguanil embonate"
320522,"proguanil, combinations"
255947,quinine
51162,mefloquine
2080,pyrimethamine
2080,"pyrimethamine, combinations"
575613,artemisinin
573926,artemether
316347,artesunate
88317,artemotil
420212,artenimol
152728,halofantrine
